<?xml version="1.0" encoding="utf-8" ?>

<Sprites>

    <!--Bubble Emitter-->
    <bubbleEmitter path="objects/StrawberryJam2021/bubbleEmitter/" start="idle">
        <Loop id="idle" path="close" delay="0.1" frames="3"/>
        <Anim id="open" path="open" delay="0.1" frames="0-1" goto="close"/>
        <Anim id="close" path="close" delay="0.1" frames="0-2" goto="idle"/>
    </bubbleEmitter>

    <bubble path="objects/StrawberryJam2021/bubbleEmitter/bubble/" start="appear">
        <Anim id="appear" path="appear" delay="0.1" frames="0-2" goto="idle"/>
        <Loop id="idle" path="idle" delay="0.1" frames="0"/>
        <Anim id="pop" path="pop" delay="0.01" frames="0-4"/>
    </bubble>

    <!--Grab Temple Gate-->
    <grabTempleGate path="objects/StrawberryJam2021/grabTempleGate/" start="idle">
        <Justify x="0.5" y="0"/>
        <Loop id="idle" path="TempleDoor" delay="0.1" frames="0"/>
        <Anim id="open" path="TempleDoor" delay="0.1" frames="6-14" goto="idle"/>
        <Anim id="hit" path="TempleDoor" delay="0.08" frames="0-4" goto="idle"/>
    </grabTempleGate>

    <!--Horizontal Temple Gate-->
    <horizontalTempleGateLeft path="objects/StrawberryJam2021/horizontalTempleGate/left/" start="idle">
        <Justify x="0" y="0.25"/>
        <Loop id="idle" path="TempleDoor" delay="0.1" frames="0"/>
        <Anim id="open" path="TempleDoor" delay="0.1" frames="6-14" goto="idle"/>
        <Anim id="hit" path="TempleDoor" delay="0.08" frames="0-4" goto="idle"/>
    </horizontalTempleGateLeft>

    <horizontalTempleGateRight path="objects/StrawberryJam2021/horizontalTempleGate/right/" start="idle">
        <Justify x="0" y="0.25"/>
        <Loop id="idle" path="TempleDoor" delay="0.1" frames="0"/>
        <Anim id="open" path="TempleDoor" delay="0.1" frames="6-14" goto="idle"/>
        <Anim id="hit" path="TempleDoor" delay="0.08" frames="0-4" goto="idle"/>
    </horizontalTempleGateRight>

    <!--Exploding Strawberry-->
    <explodingStrawberry path="objects/StrawberryJam2021/explodingStrawberry/" start="idle">
        <Center/>
        <Anim id="idle" path="explodeberry" delay="0.1" frames="0"/>
        <Anim id="explode" path="explodeberry" delay="0.1" frames="0-11"/>
        <Anim id="ghostexplode" path="explodeghostberry" delay="0.1" frames="0-11"/>
    </explodingStrawberry>

    <!--Sky Lantern-->
    <skyLantern path="objects/StrawberryJam2021/skyLantern/" start="idle">
        <Justify x="0.5" y="0.9"/>
        <Anim id="idle" path="idle" delay="0.1"/>
        <Anim id="held" path="held" delay="0.1"/>
        <Anim id="fall" path="fall" delay="0.06" goto="fallLoop"/>
        <Loop id="fallLoop" path="fallLoop" delay="0.06"/>
        <Anim id="death" path="death" delay="0.06"/>
    </skyLantern>

    <!--Wormhole Booster-->
    <wormholeBooster path="objects/StrawberryJam2021/boosterWormhole/" start="loop">
        <Justify x="0.5" y="0.5"/>
        <Loop id="loop" path="boosterWormhole" delay="0.1" frames="0-4"/>
        <Loop id="inside" path="boosterWormhole" delay="0.1" frames="5-8"/>
        <Loop id="spin" path="boosterWormhole" delay="0.06" frames="18-25"/>
        <Anim id="pop" path="boosterWormhole" delay="0.08" frames="9-17"/>
    </wormholeBooster>

    <wormholeMask path="objects/StrawberryJam2021/boosterDisplacementMask/" start="loop">
        <Justify x="0.5" y="0.5"/>
        <Loop id="loop" path="boosterWormhole" delay="0.1" frames="0-4"/>
        <Loop id="inside" path="boosterWormhole" delay="0.1" frames="5-8"/>
        <Loop id="spin" path="boosterWormhole" delay="0.06" frames="18-25"/>
        <Anim id="pop" path="boosterWormhole" delay="0.08" frames="9-17"/>
    </wormholeMask>

    <!--Laser Emitter-->
    <laserEmitter path="objects/StrawberryJam2021/laserEmitter/" start="simple">
        <Justify x="0.5" y="1"/>
        <Anim id="simple" path="simple" delay="0.1" frames="0"/>
        <Anim id="rounded_base" path="rounded_base" delay="0.1" frames="0"/>
        <Anim id="rounded_tint" path="rounded_tint" delay="0.1" frames="0"/>
    </laserEmitter>

    <!--Paintbrush Large Brush: The 2-tile wide brush sprite-->
    <paintbrushLargeBrush path="objects/StrawberryJam2021/paintbrush/" start="pink_idle">
        <Justify x="0" y="0.5"/>
        <Anim id="pink_idle" path="pink/brush" delay="0.1" frames="1"/>
        <Anim id="pink_charging" path="pink/brush" delay="0.1" frames="2-9"/>
        <Anim id="pink_burst" path="pink/brush" delay="0.1" frames="10-11" goto="pink_firing"/>
        <Loop id="pink_firing" path="pink/brush" delay="0.1" frames="12-15"/>
        <Anim id="pink_cooldown" path="pink/brush" delay="0.1" frames="16-19" goto="pink_idle"/>
        <Anim id="blue_idle" path="blue/brush" delay="0.1" frames="1"/>
        <Anim id="blue_charging" path="blue/brush" delay="0.1" frames="2-9"/>
        <Anim id="blue_burst" path="blue/brush" delay="0.1" frames="10-11" goto="pink_firing"/>
        <Loop id="blue_firing" path="blue/brush" delay="0.1" frames="12-15"/>
        <Anim id="blue_cooldown" path="blue/brush" delay="0.1" frames="16-19" goto="pink_idle"/>
    </paintbrushLargeBrush>

    <!--Paintbrush Paint Back: Appears behind the brush while it is firing-->
    <paintbrushPaintBack path="objects/StrawberryJam2021/paintbrush/">
        <Justify x="0" y="0.5"/>
        <Loop id="pink_firing" path="pink/paintback" delay="0.1" frames="12-15"/>
        <Anim id="pink_cooldown" path="pink/paintback" delay="0.1" frames="16-18"/>
        <Loop id="blue_firing" path="blue/paintback" delay="0.1" frames="12-15"/>
        <Anim id="blue_cooldown" path="blue/paintback" delay="0.1" frames="16-18"/>
    </paintbrushPaintBack>

    <!--Paintbrush Paint: Appears on the brush while it is firing-->
    <paintbrushPaintParticles path="objects/StrawberryJam2021/paintbrush/">
        <Justify x="0" y="0.5"/>
        <Anim id="pink_charging" path="pink/paintparticles" delay="0.1" frames="2-9"/>
        <Anim id="pink_burst" path="pink/paintparticles" delay="0.1" frames="10-11" goto="pink_firing"/>
        <Loop id="pink_firing" path="pink/paintparticles" delay="0.1" frames="12-15"/>
        <Anim id="pink_cooldown" path="pink/paintparticles" delay="0.1" frames="16-19"/>
        <Anim id="blue_charging" path="blue/paintparticles" delay="0.1" frames="2-9"/>
        <Anim id="blue_burst" path="blue/paintparticles" delay="0.1" frames="10-11" goto="blue_firing"/>
        <Loop id="blue_firing" path="blue/paintparticles" delay="0.1" frames="12-15"/>
        <Anim id="blue_cooldown" path="blue/paintparticles" delay="0.1" frames="16-19"/>
    </paintbrushPaintParticles>

    <!--Paintbrush Small Brush: Appears between large brushes in wide emitters -->
    <paintbrushSmallBrush path="objects/StrawberryJam2021/paintbrush/">
        <Justify x="0" y="0.5"/>
        <Anim id="pink_idle" path="pink/backbrush" delay="0.1" frames="1-4"/>
        <Anim id="blue_idle" path="blue/backbrush" delay="0.1" frames="1-4"/>
    </paintbrushSmallBrush>

    <!--Paintbrush Beam-->
    <paintbrushBeam path="objects/StrawberryJam2021/paintbrush/">
        <Justify x="0" y="0.5"/>
        <Anim id="pink_burst" path="pink/beam" delay="0.1" frames="10-11" goto="pink_firing"/>
        <Loop id="pink_firing" path="pink/beam" delay="0.1" frames="12-15"/>
        <Anim id="blue_burst" path="blue/beam" delay="0.1" frames="10-11" goto="blue_firing"/>
        <Loop id="blue_firing" path="blue/beam" delay="0.1" frames="12-15"/>
    </paintbrushBeam>

    <!--Flag Breaker Box-->
    <flagBreakerBox path="objects/StrawberryJam2021/flagBreakerBox/" start="idle">
        <Justify x="0.5" y="0.5"/>
        <Loop id="idle" path="idle" delay="0.1"/>
        <Anim id="open" path="open" delay="0.06" frames="1-3" goto="opened"/>
        <Loop id="opened" path="opened" delay="0.06"/>
        <Anim id="break" path="break" delay="0.06"/>
    </flagBreakerBox>

    <!--Rose Glider-->
    <roseGlider path="objects/StrawberryJam2021/roseGlider/" start="idle_3">
        <Anim id="idle_3" path="3charge/fly" delay="0.1" frames="3-7,6-4" goto="idle_3:9,idle_gust_3:1"/>
        <Anim id="idle_gust_3" path="3charge/fly" delay="0.1" frames="3-0,1,2" goto="idle_3:9,idle_gust_3:1"/>
        <Anim id="boost_3" path="3charge/boost" delay="0.1" frames="0-5" goto="idle_2:9,idle_gust_2:1"/>
        <Anim id="idle_2" path="2charge/fly" delay="0.1" frames="3-7,6-4" goto="idle_2:9,idle_gust_2:1"/>
        <Anim id="idle_gust_2" path="2charge/fly" delay="0.1" frames="3-0,1,2" goto="idle_2:9,idle_gust_2:1"/>
        <Anim id="boost_2" path="2charge/boost" delay="0.1" frames="0-5" goto="idle_1:9,idle_gust_1:1"/>
        <Anim id="idle_1" path="1charge/fly" delay="0.1" frames="3-7,6-4" goto="idle_1:9,idle_gust_1:1"/>
        <Anim id="idle_gust_1" path="1charge/fly" delay="0.1" frames="3-0,1,2" goto="idle_1:9,idle_gust_1:1"/>
        <Anim id="boost_1" path="1charge/boost" delay="0.1" frames="0-7"/>
    </roseGlider>

    <!--Strawberry Jam Jars-->
    <jamJar_trailer path="objects/StrawberryJam2021/jamJar/trailer/" start="empty">
        <Justify x="0.5" y="1"/>
        <Loop id="empty" path="jarempty_idle" delay="0.1"/>
        <Anim id="before_fill" path="jarempty_idle" delay="0.1" frames="8-15" goto="fill"/>
        <Anim id="fill" path="jarfill_" delay="0.1" goto="full"/>
        <Loop id="full" path="jarfull_idle" delay="0.1"/>
    </jamJar_trailer>

    <jamJar_beginner path="objects/StrawberryJam2021/jamJar/beginner/" start="empty">
        <Justify x="0.5" y="1"/>
        <Loop id="empty" path="jarempty_idle" delay="0.1"/>
        <Anim id="before_fill" path="jarempty_idle" delay="0.1" frames="8-15" goto="fill"/>
        <Anim id="fill" path="jarfill_" delay="0.1" goto="full"/>
        <Anim id="full" path="jarfull_idle" delay="0.1" goto="full:9,fullB:1"/>
        <Anim id="fullB" path="idle_b/jartilt_" delay="0.1" goto="full:9,fullB:1"/>
    </jamJar_beginner>

    <jamJar_intermediate copy="jamJar_beginner" path="objects/StrawberryJam2021/jamJar/intermediate/"/>
    <jamJar_advanced copy="jamJar_beginner" path="objects/StrawberryJam2021/jamJar/advanced/"/>
    <jamJar_expert copy="jamJar_beginner" path="objects/StrawberryJam2021/jamJar/expert/"/>
    <jamJar_grandmaster copy="jamJar_beginner" path="objects/StrawberryJam2021/jamJar/grandmaster/"/>

    <!--Resizable Dash Switch lightning effect-->
    <bigSwitch_lightning path="objects/StrawberryJam2021/bigDashSwitch/" start="hit">
        <Justify x="0.5" y="0.5"/>
        <Anim id="hit" path="bigSwitchLightning" delay="0.08" frames="0-4"/>
    </bigSwitch_lightning>

    <!--Pocket Umbrella-->
    <pocketUmbrella path="objects/StrawberryJam2021/pocketUmbrella/" start="held">
        <Justify x="0.5" y="0.58"/>
        <Anim id="spawn" path="spawn" delay="0.06" goto="held"/>
        <Loop id="held" path="held" delay="0.1"/>
        <Anim id="fall" path="fall" delay="0.06" goto="fallLoop"/>
        <Loop id="fallLoop" path="fallLoop" delay="0.06"/>
        <Anim id="death" path="spawn" delay="0.06" frames="3-0"/>
    </pocketUmbrella>

    <!--Pocket Umbrella Sweat-->
    <pocketUmbrellaSweat path="objects/StrawberryJam2021/pocketUmbrella/" start="sweat">
        <Loop id="sweat" path="umbrella_sweat" delay="0.06"/>
    </pocketUmbrellaSweat>

  <!--Directional Booster-->
    <directionalBooster path="objects/StrawberryJam2021/boosterDirectional/" start="loop">
        <Justify x="0.5" y="0.5"/>
        <Anim id="appear" path="boosterHunny" delay="0.08" frames="26-34" goto="loop"/>
        <Loop id="loop" path="boosterHunny" delay="0.1" frames="0-4"/>
        <Loop id="inside" path="boosterHunny" delay="0.1" frames="5-8"/>
        <Loop id="spin_up" path="boosterHunnyUp" delay="0.06" frames="1-8"/>
        <Loop id="spin_down" path="boosterHunnyDown" delay="0.06" frames="1-8"/>
        <Loop id="spin_upright" path="boosterHunnyUpRight" delay="0.06" frames="1-8"/>
        <Loop id="spin_downright" path="boosterHunnyDownRight" delay="0.06" frames="1-8"/>
        <Loop id="spin_right" path="boosterHunnyRight" delay="0.06" frames="1-8"/>
        <Anim id="pop" path="boosterHunny" delay="0.08" frames="9-17"/>
    </directionalBooster>

    <!--Bee Fireball-->
    <beeFireball path="objects/StrawberryJam2021/beeFireball/" start="idle">
        <Justify x="0.53" y="0.45"/>
        <Loop id="idle" path="beefireball" delay="0.08"/>
        <Anim id="rotate" path="beeturnaround" delay="0.08" goto="idle"/>
    </beeFireball>

    <!--Pellet Emitter-->
    <pelletEmitter path="objects/StrawberryJam2021/pelletEmitter/" start="blue_idle">
        <Justify x="0" y="0.5"/>
        <Anim id="blue_idle" path="blue/emitter" delay="0.1" frames="0" />
        <Anim id="blue_charging" path="blue/emitter" delay="0.1" frames="1-8" />
        <Anim id="blue_firing" path="blue/emitter" delay="0.1" frames="9-15" goto="blue_idle" />
        <Anim id="pink_idle" path="pink/emitter" delay="0.1" frames="0" />
        <Anim id="pink_charging" path="pink/emitter" delay="0.1" frames="1-8" />
        <Anim id="pink_firing" path="pink/emitter" delay="0.1" frames="9-15" goto="pink_idle" />
        <Anim id="both_idle" path="both/emitter" delay="0.1" frames="0" />
        <Anim id="both_charging" path="both/emitter" delay="0.1" frames="1-8" />
        <Anim id="both_firing" path="both/emitter" delay="0.1" frames="9-15" goto="both_idle" />
    </pelletEmitter>

    <!--Pellet Projectile-->
    <pelletProjectile path="objects/StrawberryJam2021/pelletEmitter/" start="blue">
        <Justify x="0.5" y="0.5"/>
        <Loop id="blue" path="blue/projectile" delay="0.1" frames="0-8" />
        <Loop id="pink" path="pink/projectile" delay="0.1" frames="0-8" />
    </pelletProjectile>

    <!--Pellet Impact-->
    <pelletImpact path="objects/StrawberryJam2021/pelletEmitter/" start="blue">
        <Justify x="0.5" y="0.5"/>
        <Anim id="blue" path="blue/impact" delay="0.1" frames="0-11" />
        <Anim id="pink" path="pink/impact" delay="0.1" frames="0-11" />
        <Anim id="blue_air" path="blue/impactAir" delay="0.1" frames="0-6" />
        <Anim id="pink_air" path="pink/impactAir" delay="0.1" frames="0-6" />
    </pelletImpact>
	
    <!--Crystal Bomb Badeline Boss-->
    <crystalBombBadelineBoss path="objects/StrawberryJam2021/crystalBombBadelineBoss/" start="idle">
        <Justify x="0.5" y=".64" />
        <Loop id="idle" path="boss" delay="0.06" frames="0-23"/>
    
        <Loop id="scaredIdle" path="scared" delay="0.06" frames="0-19"/>
        <Anim id="scaredTransition" path="scared" delay="0.1" frames="20-29" goto="calm"/>
        <Loop id="calm" path="scared" delay="0.06" frames="30"/>
        <Anim id="lookUp" path="scared" delay="0.08" frames="30-30" goto="lookingUp"/>
        <Loop id="lookingUp" path="scared" delay="0.08" frames="35"/>
    
        <Anim id="attack1Begin" path="boss" delay="0.06" frames="24-29" goto="attack1Loop"/>
        <Anim id="attack1Loop" path="boss" delay="0.06" frames="30-36" goto="attack1Loop"/>
        <Anim id="attack1Recoil" path="boss" delay="0.06" frames="40-45" goto="idle"/>

        <Anim id="attack2Begin" path="charge" delay="0.06" frames="0-17" goto="attack2Aim"/>
        <Anim id="attack2Aim" path="charge" delay="0.06" frames="18-28" goto="attack2Aim"/>
        <Anim id="attack2Lock" path="charge" delay="0.06" frames="29-39" goto="attack2Lock"/>
        <Anim id="attack2Recoil" path="charge" delay="0.06" frames="40-45" goto="idle"/>
   
        <Anim id="getHit" path="hit" delay="0.06" frames="0-9" goto="star"/>
        <Loop id="star" path="hit" delay="0.06" frames="10-15"/>
        <Anim id="recoverHit" path="hit" delay="0.06" frames="16-19" goto="idle"/>
    </crystalBombBadelineBoss>
</Sprites>
